ID;;Name;evidence;reference;cluster name;;;;;;;;;;
PF3D7_1035300.iso1.exon1.amp2;;glutamate-rich protein;;;SURFACE PROTEIN;;1775153;10.1016/0166-6851(91)90135-s;Primary structure and localization of a conserved immunogenic Plasmodium falciparum glutamate rich protein (GLURP) expressed in both the preerythrocytic and erythrocytic stages of the vertebrate life cycle.;Borre MB, Dziegiel M, Høgh B, Petersen E, Rieneck K,...;;;;;
PF3D7_0903700.e3s1;;alpha tubulin 1;;;intracellular protein;;2693901;10.1111/j.1365-2958.1989.tb00136.x;Isolation of alpha-tubulin genes from the human malaria parasite, Plasmodium falciparum: sequence analysis of alpha-tubulin.;Holloway SP, Sims PF, Delves CJ, Scaife JG, Hyde JE;16267556;10.1038/nature04104;A protein interaction network of the malaria parasite Plasmodium falciparum.;LaCount DJ, Vignali M, Chettier R, Phansalkar A, Bel...;
PF3D7_1232100.e2;;60 kDa chaperonin (CPN60);;;intracellular protein;;7915821;10.1016/0166-6851(94)90131-7;Isolation and characterization of a chaperonin-60 gene of the human malaria parasite Plasmodium falciparum.;Holloway SP, Min W, Inselburg JW;;;;;
PF3D7_0707800.e1s2;;RAP protein, putative;;;intracellular protein;;11738814;10.1016/s0378-1119(01)00776-4;Deciphering apicoplast targeting signals--feature extraction from nuclear-encoded precursors of Plasmodium falciparum apicoplast proteins.;Zuegge J, Ralph S, Schmuker M, McFadden GI, Schneider G;;;;;
PF3D7_0707800.e1s2;;RAP protein, putative;;;intracellular protein;;11738814;10.1016/s0378-1119(01)00776-4;Deciphering apicoplast targeting signals--feature extraction from nuclear-encoded precursors of Plasmodium falciparum apicoplast proteins.;Zuegge J, Ralph S, Schmuker M, McFadden GI, Schneider G;;;;;
PF3D7_1446900.2o3;;glutaminyl-peptide cyclotransferase, putative;;;intracellular protein;;11738814;10.1016/s0378-1119(01)00776-4;Deciphering apicoplast targeting signals--feature extraction from nuclear-encoded precursors of Plasmodium falciparum apicoplast proteins.;Zuegge J, Ralph S, Schmuker M, McFadden GI, Schneider G;;;;;
PF3D7_1446900.2o3;;glutaminyl-peptide cyclotransferase, putative;;;intracellular protein;;11738814;10.1016/s0378-1119(01)00776-4;Deciphering apicoplast targeting signals--feature extraction from nuclear-encoded precursors of Plasmodium falciparum apicoplast proteins.;Zuegge J, Ralph S, Schmuker M, McFadden GI, Schneider G;;;;;
PF3D7_1448700.1o1;;HSP20-like chaperone, putative;sequence homology to chaperones - no direct evidence;;intracellular protein;;12368864;10.1038/nature01097;Genome sequence of the human malaria parasite Plasmodium falciparum.;Gardner MJ, Hall N, Fung E, White O, Berriman M, Hym...;;;;;
PF3D7_1448700.1o1;;HSP20-like chaperone, putative;;;intracellular protein;;12368865;10.1038/nature01098;Genome sequence of the human malaria parasite Plasmodium falciparum.;Gardner MJ, Hall N, Fung E, White O, Berriman M, Hym...;;;;;
PF3D7_1448700.1o1;;HSP20-like chaperone, putative;;;intracellular protein;;12368866;10.1038/nature01099;Genome sequence of the human malaria parasite Plasmodium falciparum.;Gardner MJ, Hall N, Fung E, White O, Berriman M, Hym...;;;;;
PF3D7_0915800.1o1;https://plasmodb.org/plasmo/app/search?q=PF3D7_0915800;glycolipid transfer protein, putative;??;;intracellular protein;;12368867;10.1038/nature01095;Sequence of Plasmodium falciparum chromosomes 1, 3-9 and 13.;Hall N, Pain A, Berriman M, Churcher C, Harris B, Ha...;;;;;
PF3D7_0518700.e3s1;;mRNA-binding protein PUF1 (PUF1);IDA;PMID:12409450;intracellular protein;;12409450;10.1093/nar/gkf600;The malaria parasite Plasmodium falciparum encodes members of the Puf RNA-binding protein family with conserved RNA binding activity.;Cui L, Fan Q, Li J;;;;;
PF3D7_0518700.e3s1;;mRNA-binding protein PUF1 (PUF1);siehe oben;PMID:12409450;intracellular protein;;12409450;10.1093/nar/gkf600;The malaria parasite Plasmodium falciparum encodes members of the Puf RNA-binding protein family with conserved RNA binding activity.;Cui L, Fan Q, Li J;;;;;
PF3D7_0518700.e3s1;;mRNA-binding protein PUF1 (PUF1);;;intracellular protein;;12409450;10.1093/nar/gkf600;The malaria parasite Plasmodium falciparum encodes members of the Puf RNA-binding protein family with conserved RNA binding activity.;Cui L, Fan Q, Li J;;;;;
PF3D7_1124500.1o1;;pyruvate dehydrogenase E1 alpha subunit (pdhA);IDA;PMID:15612915;intracellular protein;;15612915;10.1111/j.1365-2958.2004.04407.x;The malaria parasite Plasmodium falciparum has only one pyruvate dehydrogenase complex, which is located in the apicoplast.;Foth BJ, Stimmler LM, Handman E, Crabb BS, Hodder AN...;;;;;
PF3D7_1124500.1o1;;pyruvate dehydrogenase E1 alpha subunit (pdhA);;;intracellular protein;;15612915;10.1111/j.1365-2958.2004.04407.x;The malaria parasite Plasmodium falciparum has only one pyruvate dehydrogenase complex, which is located in the apicoplast.;Foth BJ, Stimmler LM, Handman E, Crabb BS, Hodder AN...;;;;;
PF3D7_0310500.e1s2;https://plasmodb.org/plasmo/app/search?q=PF3D7_0310500;DEAD box helicase, putative;;;intracellular protein;;16267556;10.1038/nature04104;A protein interaction network of the malaria parasite Plasmodium falciparum.;LaCount DJ, Vignali M, Chettier R, Phansalkar A, Bel...;interaction with:;PF3D7_0310500;prey;PF3D7_1118200;heat shock protein 90, putative
PF3D7_0310500.e1s2;;DEAD box helicase, putative;;;intracellular protein;;16267556;10.1038/nature04104;A protein interaction network of the malaria parasite Plasmodium falciparum.;LaCount DJ, Vignali M, Chettier R, Phansalkar A, Bel...;interaction with:;PF3D7_0310500;prey;PF3D7_1118200;heat shock protein 90, putative
PF3D7_1302500.iso1.exon2.amp1;;AAA domain-containing protein, putative;;;intracellular protein;;16267556;10.1038/nature04104;A protein interaction network of the malaria parasite Plasmodium falciparum.;LaCount DJ, Vignali M, Chettier R, Phansalkar A, Bel...;;;;;
PF3D7_1302500.iso1.exon2.amp1;;AAA domain-containing protein, putative;;;intracellular protein;;16267556;10.1038/nature04104;A protein interaction network of the malaria parasite Plasmodium falciparum.;LaCount DJ, Vignali M, Chettier R, Phansalkar A,;;;;;
PF3D7_1302500.iso1.exon2.amp1;;AAA domain-containing protein, putative;;;intracellular protein;;16267556;10.1038/nature04104;A protein interaction network of the malaria parasite Plasmodium falciparum.;LaCount DJ, Vignali M, Chettier R, Phansalkar A,;;;;;
PF3D7_1463400.iso1.exon1.amp1;;DNA-directed RNA polymerase III subunit RPC4, putative;indirect;;intracellular protein;;17275824;10.1016/j.ijpara.2006.11.019;Characterization of the RNA polymerase II and III complexes in Leishmania major.;Martínez-Calvillo S, Saxena A, Green A, Leland A, My...;;;;;
PF3D7_1123200.iso1.exon1.amp1;;leucine-rich repeat protein;;;intracellular protein;;17689674;10.1016/j.molbiopara.2007.07.001;Census, molecular characterization and developmental expression of Leucine-Rich-Repeat proteins in Plasmodium falciparum.;Daher W, Pierce R, Khalife J;;;;;
PF3D7_1123200.iso1.exon1.amp1;;leucine-rich repeat protein;;;intracellular protein;;17689674;10.1016/j.molbiopara.2007.07.001;Census, molecular characterization and developmental expression of Leucine-Rich-Repeat proteins in Plasmodium falciparum.;Daher W, Pierce R, Khalife J;;;;;
PF3D7_1432400.iso1.exon7.amp1;;leucine-rich repeat protein;only expression evidence;;intracellular protein;;17689674;10.1016/j.molbiopara.2007.07.001;Census, molecular characterization and developmental expression of Leucine-Rich-Repeat proteins in Plasmodium falciparum.;Daher W, Pierce R, Khalife J;;;;;
PF3D7_1432400.iso1.exon7.amp1;;leucine-rich repeat protein;ISM;PMID:17689674;intracellular protein;;17689674;10.1016/j.molbiopara.2007.07.001;Census, molecular characterization and developmental expression of Leucine-Rich-Repeat proteins in Plasmodium falciparum.;Daher W, Pierce R, Khalife J;;;;;
PF3D7_0715000.1o1;;4-nitrophenylphosphatase (PNPase);;;intracellular protein;;18067979;10.1016/j.molbiopara.2007.10.010;Filling the gap of intracellular dephosphorylation in the Plasmodium falciparum vitamin B1 biosynthesis.;Knöckel J, Bergmann B, Müller IB, Rathaur S, Walter ...;;;;;
PF3D7_0715000.1o1;;4-nitrophenylphosphatase (PNPase);;;intracellular protein;;18067979;10.1016/j.molbiopara.2007.10.010;Filling the gap of intracellular dephosphorylation in the Plasmodium falciparum vitamin B1 biosynthesis.;Knöckel J, Bergmann B, Müller IB, Rathaur S, Walter;;;;;
PF3D7_0715000.1o1;;4-nitrophenylphosphatase (PNPase);;;intracellular protein;;18067979;10.1016/j.molbiopara.2007.10.010;Filling the gap of intracellular dephosphorylation in the Plasmodium falciparum vitamin B1 biosynthesis.;Knöckel J, Bergmann B, Müller IB, Rathaur S, Walter;;;;;
PF3D7_0928900.1o1;;guanylate kinase (GK);;;intracellular protein;;18374996;10.1016/j.molbiopara.2008.02.004;Molecular cloning, expression, characterization and mutation of Plasmodium falciparum guanylate kinase.;Kandeel M, Nakanishi M, Ando T, El-Shazly K, Yosef T...;;;;;
PF3D7_1361100.e1s1;;Sec24 subunit a (SEC24a);IDA;PMID:18410493;intracellular protein;;18410493;10.1111/j.1365-2958.2008.06250.x;Plasmodium falciparum Sec24 marks transitional ER that exports a model cargo via a diacidic motif.;Lee MC, Moura PA, Miller EA, Fidock DA;;;;;
PF3D7_1361100.e1s1;;Sec24 subunit a (SEC24a);;;intracellular protein;;18410493;10.1111/j.1365-2958.2008.06250.x;Plasmodium falciparum Sec24 marks transitional ER that exports a model cargo via a diacidic motif.;Lee MC, Moura PA, Miller EA, Fidock DA;;;;;
PF3D7_0400800.iso1.exon1.amp1;;stevor;;;SURFACE PROTEIN;;18474651;10.1128/IAI.01460-07;Plasmodium falciparum STEVOR proteins are highly expressed in patient isolates and located in the surface membranes of infected red blood cells and the apical tips of merozoites.;Blythe JE, Yam XY, Kuss C, Bozdech Z, Holder AA, Mar...;;;;;
PF3D7_1372800.iso1.exon2.amp1;;stevor;;;SURFACE PROTEIN;;18474651;10.1128/IAI.01460-07;Plasmodium falciparum STEVOR proteins are highly expressed in patient isolates and located in the surface membranes of infected red blood cells and the apical tips of merozoites.;Blythe JE, Yam XY, Kuss C, Bozdech Z, Holder AA, Mar...;;;;;
PF3D7_0707600.1o1;;mediator of RNA polymerase II transcription subunit 10, putative;;;intracellular protein;;18515835;10.1093/nar/gkn349;Comparative genomics supports a deep evolutionary origin for the large, four-module transcriptional mediator complex.;Bourbon HM;;;;;
PF3D7_0313100.1o4;;ubiquitin-protein ligase, putative (HRD3);;;intracellular protein;;19502583;10.1128/EC.00083-09;An unusual ERAD-like complex is targeted to the apicoplast of Plasmodium falciparum.;Spork S, Hiss JA, Mandel K, Sommer M, Kooij TW, Chu ...;;;;;
PF3D7_1464700.e1s1;;ATP synthase (C/AC39) subunit, putative;;;intracellular protein;;21136929;10.1002/prca.200700112;Food vacuole proteome of the malarial parasite Plasmodium falciparum.;Lamarque M, Tastet C, Poncet J, Demettre E, Jouin P,...;;;;;
PF3D7_0405400.e2s4;;pre-mRNA-processing-splicing factor 8, putative (PRPF8);ISS;PMID:21245033;intracellular protein;;21245033;10.1093/nar/gkq1223;RNA-Seq analysis of splicing in Plasmodium falciparum uncovers new splice junctions, alternative splicing and splicing of antisense transcripts.;Sorber K, Dimon MT, DeRisi JL;;;;;
PF3D7_0405400.e2s4;;pre-mRNA-processing-splicing factor 8, putative (PRPF8);ISS;PMID:21245033;intracellular protein;;21245033;10.1093/nar/gkq1223;RNA-Seq analysis of splicing in Plasmodium falciparum uncovers new splice junctions, alternative splicing and splicing of antisense transcripts.;Sorber K, Dimon MT, DeRisi JL;;;;;
PF3D7_0405400.e2s4;;pre-mRNA-processing-splicing factor 8, putative (PRPF8);ISS;PMID:21245033;intracellular protein;;21245033;10.1093/nar/gkq1223;RNA-Seq analysis of splicing in Plasmodium falciparum uncovers new splice junctions, alternative splicing and splicing of antisense transcripts.;Sorber K, Dimon MT, DeRisi JL;;;;;
PF3D7_0812700.1o1;;RNA-binding protein (U1 snRNP-like), putative;;;intracellular protein;;21245033;10.1093/nar/gkq1223;RNA-Seq analysis of splicing in Plasmodium falciparum uncovers new splice junctions, alternative splicing and splicing of antisense transcripts.;Sorber K, Dimon MT, DeRisi JL;;;;;
PF3D7_0812700.1o1;;RNA-binding protein (U1 snRNP-like), putative;;;intracellular protein;;21245033;10.1093/nar/gkq1223;RNA-Seq analysis of splicing in Plasmodium falciparum uncovers new splice junctions, alternative splicing and splicing of antisense transcripts.;Sorber K, Dimon MT, DeRisi JL;;;;;
PF3D7_0812700.1o1;;RNA-binding protein (U1 snRNP-like), putative;;;intracellular protein;;21245033;10.1093/nar/gkq1223;RNA-Seq analysis of splicing in Plasmodium falciparum uncovers new splice junctions, alternative splicing and splicing of antisense transcripts.;Sorber K, Dimon MT, DeRisi JL;;;;;
PF3D7_1335300.e1s2;;reticulocyte binding protein 2 homologue b (RH2b);IDA;PMID:11160005;SURFACE PROTEIN;;21386888;10.1371/journal.pone.0017102;Plasmodium falciparum reticulocyte binding-like homologue protein 2 (PfRH2) is a key adhesive molecule involved in erythrocyte invasion.;Sahar T, Reddy KS, Bharadwaj M, Pandey AK, Singh S, ...;;;;;
PF3D7_1335300.e1s2;;reticulocyte binding protein 2 homologue b (RH2b);IDA;PMID:11160005;SURFACE PROTEIN;;21386888;10.1371/journal.pone.0017102;Plasmodium falciparum reticulocyte binding-like homologue protein 2 (PfRH2) is a key adhesive molecule involved in erythrocyte invasion.;Sahar T, Reddy KS, Bharadwaj M, Pandey AK, Singh S, ...;;;;;
PF3D7_1019000.e1s1;;eukaryotic translation initiation factor subunit eIF2A, putative;ISM;;intracellular protein;;23198904;10.1042/BJ20121480;Biochemical characterization of Plasmodium falciparum CTP:phosphoethanolamine cytidylyltransferase shows that only one of the two cytidylyltransferase domains is active.;Maheshwari S, Lavigne M, Contet A, Alberge B, Pihan ...;;;;;
PF3D7_1347700.1o3;https://plasmodb.org/plasmo/app/record/gene/PF3D7_1347700;ethanolamine-phosphate cytidylyltransferase, putative (ECT);;;intracellular protein;;23198904;10.1042/BJ20121480;Biochemical characterization of Plasmodium falciparum CTP:phosphoethanolamine cytidylyltransferase shows that only one of the two cytidylyltransferase domains is active.;Maheshwari S, Lavigne M, Contet A, Alberge B;;;;;
PF3D7_1347700.1o3;https://plasmodb.org/plasmo/app/record/gene/PF3D7_1347700;ethanolamine-phosphate cytidylyltransferase, putative (ECT);;;intracellular protein;;23198904;10.1042/BJ20121480;Biochemical characterization of Plasmodium falciparum CTP:phosphoethanolamine cytidylyltransferase shows that only one of the two cytidylyltransferase domains is active.;Maheshwari S, Lavigne M, Contet A, Alberge B;;;;;
PF3D7_1347700.1o3;https://plasmodb.org/plasmo/app/record/gene/PF3D7_1347700;ethanolamine-phosphate cytidylyltransferase, putative (ECT);;;intracellular protein;;23198904;10.1042/BJ20121480;Biochemical characterization of Plasmodium falciparum CTP:phosphoethanolamine cytidylyltransferase shows that only one of the two cytidylyltransferase domains is active.;Maheshwari S, Lavigne M, Contet A, Alberge B;;;;;
PF3D7_1222300.e1s1;https://plasmodb.org/plasmo/app/record/gene/PF3D7_1222300#category:literature-and-language;endoplasmin homolog precursor, putative;ISS;PMID:23236186;intracellular protein;;23236186;10.1073/pnas.1216016110;Targeting the ERAD pathway via inhibition of signal peptide peptidase for antiparasitic therapeutic design.;Harbut MB, Patel BA, Yeung BK, McNamara CW, Bright A...;;;;;
PF3D7_0320800.e2s1;;ATP-dependent RNA helicase, putative (DOZI);;;intracellular protein;;23562722;10.1016/j.gene.2013.03.063;Plasmodium falciparum DOZI, an RNA helicase interacts with eIF4E.;Tarique M, Ahmad M, Ansari A, Tuteja R;Unraveling the ‘DEAD-box’ helicases of Plasmodium falciparum;R. Tuteja, A. Pradhan;;;
PF3D7_0605600.iso1.exon1.amp1;;nucleoside diphosphate kinase, putative;;;intracellular protein;;23568473;10.1007/978-1-62703-342-8_14. ;Malarial Kinases: Novel Targets for In Silico Approaches to Drug Discovery;Kristen M. Bullard, Robert Kirk DeLisle & Susan M. Keenan ;;;;;
PF3D7_0605600.iso1.exon1.amp1;;nucleoside diphosphate kinase, putative;;;intracellular protein;;23568473;10.1007/978-1-62703-342-8_14. ;Malarial Kinases: Novel Targets for In Silico Approaches to Drug Discovery;Kristen M. Bullard, Robert Kirk DeLisle & Susan M. Keenan ;;;;;
PF3D7_0605600.iso1.exon1.amp1;;nucleoside diphosphate kinase, putative;;;intracellular protein;;23568473;10.1007/978-1-62703-342-8_14. ;Malarial Kinases: Novel Targets for In Silico Approaches to Drug Discovery;Kristen M. Bullard, Robert Kirk DeLisle & Susan M. Keenan ;;;;;
PF3D7_1243900.iso1.exon6.amp1;https://plasmodb.org/plasmo/app/record/gene/PF3D7_1243900;double C2-like domain-containing protein;IDA;PMID:22246776;membrane interaction;;24992295;10.1016/j.exppara.2014.06.015;Plasmodium falciparum double C2 domain protein, PfDOC2, binds to calcium when associated with membranes.;Jean S, Zapata-Jenks MA, Farley JM, Tracy E, Mayer DC;;;;;
PF3D7_1243900.iso1.exon6.amp1;;double C2-like domain-containing protein;;;intracellular protein;;24992295;10.1016/j.exppara.2014.06.015;Plasmodium falciparum double C2 domain protein, PfDOC2, binds to calcium when associated with membranes.;Jean S, Zapata-Jenks MA, Farley JM, Tracy E, Mayer DC;;;;;
PF3D7_1103100.e2s1;;60S ribosomal protein P1, putative;;;intracellular protein;;25450178;10.1016/j.bbagen.2014.10.015;In vivo formation of Plasmodium falciparum ribosomal stalk - a unique mode of assembly without stable heterodimeric intermediates.;Wawiórka L, Krokowski D, Gordiyenko Y, Krowarsch D, ...;;;;;
PF3D7_0109100.e1s1;;LCCL domain-containing protein (CCp5);;;intracellular protein;;25900212;10.1016/j.ijpara.2015.03.002;Biogenesis of the crystalloid organelle in Plasmodium involves microtubule-dependent vesicle transport and assembly.;Saeed S, Tremp AZ, Dessens JT;;;;;
PF3D7_0310500.e1s2;;DEAD box helicase, putative;;;intracellular protein;;26525978;10.1186/s12864-015-2092-1;A bioinformatic survey of RNA-binding proteins in Plasmodium.;Reddy BP, Shrestha S, Hart KJ, Liang X, Kemirembe K,...;;;;;
PF3D7_1401500.1o1;;lysophospholipase, putative;sequence homology to PfPARE;;intracellular protein;;28106035;10.1038/ncomms14240;Esterase mutation is a mechanism of resistance to antimalarial compounds.;Istvan ES, Mallari JP, Corey VC, Dharia NV, Marshall...;;;;;
PF3D7_1401500.1o1;;lysophospholipase, putative;sequence homology to PfPARE;;intracellular protein;;28106035;10.1038/ncomms14240;Esterase mutation is a mechanism of resistance to antimalarial compounds.;Istvan ES, Mallari JP, Corey VC, Dharia NV, Marshall...;;;;;
PF3D7_0905400.e7s1;;high molecular weight rhoptry protein 3 (RhopH3);IDA;PMID:28252384;SURFACE PROTEIN;;28252384;10.7554/eLife.23239;The Plasmodium falciparum rhoptry protein RhopH3 plays essential roles in host cell invasion and nutrient uptake.;Sherling ES, Knuepfer E, Brzostowski JA, Miller LH, ...;;;;;
PF3D7_0826100.s5;https://plasmodb.org/plasmo/app/search?q=PF3D7_0826100;E3 ubiquitin-protein ligase, putative;ISO;PMID:28790316;intracellular protein;;28790316;10.1038/s41467-017-00267-3;A Plasmodium yoelii HECT-like E3 ubiquitin ligase regulates parasite growth and virulence.;Nair SC, Xu R, Pattaradilokrat S, Wu J, Qi Y, Zilver...;;;;;
PF3D7_0808200.e1s1;;plasmepsin X;;;intracellular protein;;29074774;10.1126/science.aan1478;Plasmepsins IX and X are essential and druggable mediators of malaria parasite egress and invasion.;Nasamu AS, Glushakova S, Russo I, Vaupel B, Oksman A;;;;;
PF3D7_0808200.e1s1;;plasmepsin X;IDA;PMID:29074774;intracellular protein;;29074774;10.1126/science.aan1478;Plasmepsins IX and X are essential and druggable mediators of malaria parasite egress and invasion.;Nasamu AS, Glushakova S, Russo I, Vaupel B, Oksman A;;;;;
PF3D7_0808200.e1s1;;plasmepsin X;;;intracellular protein;;29074774;10.1126/science.aan1478;Plasmepsins IX and X are essential and druggable mediators of malaria parasite egress and invasion.;Nasamu AS, Glushakova S, Russo I, Vaupel B, Oksman A;;;;;
PF3D7_0519500.e2s1;;carbon catabolite repressor protein 4, putative (CCR4);;;intracellular protein;;30703164;10.1371/journal.ppat.1007164;Plasmodium male gametocyte development and transmission are critically regulated by the two putative deadenylases of the CAF1/CCR4/NOT complex.;Hart KJ, Oberstaller J, Walker MP, Minns AM, Kennedy...;;;;;
PF3D7_0519500.e2s1;;carbon catabolite repressor protein 4, putative (CCR4);ISO;PMID:30703164;intracellular protein;;30703164;10.1371/journal.ppat.1007164;Plasmodium male gametocyte development and transmission are critically regulated by the two putative deadenylases of the CAF1/CCR4/NOT complex.;Hart KJ, Oberstaller J, Walker MP, Minns AM, Kennedy...;;;;;
PF3D7_1435500.1o1;;clathrin light chain, putative;;;intracellular protein;;32098816;10.1128/mBio.02918-19;The Plasmodium falciparum Artemisinin Susceptibility-Associated AP-2 Adaptin μ Subunit is Clathrin Independent and Essential for Schizont Maturation.;Henrici RC, Edwards RL, Zoltner M, van Schalkwyk DA,...;;;;;
PF3D7_0316700.2o2;;HVA22/TB2/DP1 family protein, putative;;;intracellular protein;;32432369;10.1111/mmi.14526;A Plasmodium homolog of ER tubule-forming proteins is required for parasite virulence.;Shi X, Hai L, Govindasamy K, Gao J, Coppens I,;;;;;
PF3D7_1004800.3o3;;ADP/ATP carrier protein, putative;;;intracellular protein;;32574727;DOI: 10.1016/j.parint.2020.102160 ;Characterization of mitochondrial carrier proteins of malaria parasite Plasmodium falciparum based on in vitro translation and reconstitution;Akira Nozawa  1 , Daisuke Ito  2 , Mohamed Ibrahim  3 , Herbert J Santos  4 , Takafumi Tsuboi  5 , Yuzuru Tozawa  6;;;;;
PF3D7_0317500.iso1.exon1.amp1;;kinesin-like protein, putative;IDA;PMID:24737313;intracellular protein;;34375637;10.1016/j.jbc.2021.101063;Cryo-EM structure of a microtubule-bound parasite kinesin motor and implications for its mechanism and inhibition.;Cook AD, Roberts AJ, Atherton J, Tewari R, Topf M, M...;;;;;
PF3D7_0317500.iso1.exon1.amp1;;kinesin-like protein, putative;IDA;PMID:24737313;intracellular protein;;34375637;10.1016/j.jbc.2021.101063;Cryo-EM structure of a microtubule-bound parasite kinesin motor and implications for its mechanism and inhibition.;Cook AD, Roberts AJ, Atherton J, Tewari R, Topf M;;;;;
PF3D7_0317500.iso1.exon1.amp1;;kinesin-like protein, putative;IDA;PMID:24737313;intracellular protein;;34375637;10.1016/j.jbc.2021.101063;Cryo-EM structure of a microtubule-bound parasite kinesin motor and implications for its mechanism and inhibition.;Cook AD, Roberts AJ, Atherton J, Tewari R, Topf M;;;;;
PF3D7_1417200.e1s5;;NOT family protein, putative;;;intracellular protein;;34673764;10.1371/journal.pbio.3001434;The Plasmodium NOT1-G paralogue is an essential regulator of sexual stage maturation and parasite transmission.;Hart KJ, Power BJ, Rios KT, Sebastian A, Lindner SE;;;;;
PF3D7_1417200.e1s5;;NOT family protein, putative;;;intracellular protein;;34673764;10.1371/journal.pbio.3001434;The Plasmodium NOT1-G paralogue is an essential regulator of sexual stage maturation and parasite transmission.;Hart KJ, Power BJ, Rios KT, Sebastian A, Lindner SE;;;;;
PF3D7_1476500.2o2;;probable protein, unknown function;;;intracellular protein;;?;;;;;;;;
PF3D7_0823400.1o5;;alpha/beta-hydrolase, putative;;;intracellular protein;;siehe PF3D7_0301300.2o2;;;;;;;;
PF10_0261;PF3D7_1026400;WD-repeat protein, putative;cell division cycle protein 20 homolog, putative;;intracellular protein;;22383885;10.1371/journal.ppat.1002554;A putative homologue of CDC20/CDH1 in the malaria parasite is essential for male gamete development.;Guttery DS, Ferguson DJ, Poulin B, Xu Z, Straschil;;;;;
PF11_0191;PF3D7_1118500;box C/D snoRNP rRNA 2'-O-methylation factor, putative;nucleolar protein 56, putative;;intracellular protein;;?;;;;;;;;
PF14_0240;PF3D7_1426000;60S ribosomal protein L21e, putative;60S ribosomal protein L21;;intracellular protein;;24913268;10.7554/eLife.03080;Cryo-EM structure of the Plasmodium falciparum 80S ribosome bound to the anti-protozoan drug emetine.;Wong W, Bai XC, Brown A, Fernandez IS, Hanssen E, Co...;;;;;
PF3D7_0104100.1o2;;protein E140, putative;;;potentially surface;;32407410;10.1371/journal.pone.0232234;Novel malaria antigen Plasmodium yoelii E140 induces antibody-mediated sterile protection in mice against malaria challenge.;Smith EC, Limbach KJ, Rangel N, Oda K, Bolton JS, Du...;Smith EC, Limbach KJ, Rangel N, Oda K, Bolton JS, Du...;;;;
PF3D7_0104100.2o2;;protein E140, putative;;;potentially surface;;32407410;10.1371/journal.pone.0232234;Novel malaria antigen Plasmodium yoelii E140 induces antibody-mediated sterile protection in mice against malaria challenge.;Smith EC, Limbach KJ, Rangel N, Oda K, Bolton JS, Du...;;;;;
PF3D7_0109800.1o1;;phenylalanyl-tRNA synthetase, putative;IDA;PMID:25391660;intracellular protein;;25391660;10.1042/BJ20140998;Plasmodium falciparum mitochondria import tRNAs along with an active phenylalanyl-tRNA synthetase.;Sharma A, Sharma A;;;;;
PF3D7_0111500.e4s1;;UMP-CMP kinase, putative;;;intracellular protein;;11738814;10.1016/s0378-1119(01)00776-4;Deciphering apicoplast targeting signals--feature extraction from nuclear-encoded precursors of Plasmodium falciparum apicoplast proteins.;Zuegge J, Ralph S, Schmuker M, McFadden GI, Schneider G;;;;;
PF3D7_0203100.e1s1;;protein kinase, putative;;;intracellular protein;;15479470;10.1186/1471-2164-5-79;Protein kinases of the human malaria parasite Plasmodium falciparum: the kinome of a divergent eukaryote.;Ward P, Equinet L, Packer J, Doerig C;;;;;
PF3D7_0208900.e1s3;;6-cysteine protein (P230p);IDA;PMID:12106866;SURFACE PROTEIN;;12106866;10.1016/s0166-6851(02)00091-9;Male-specific expression of the paralog of malaria transmission-blocking target antigen Pfs230, PfB0400w.;Eksi S, Williamson KC;;;;;
PF3D7_0208900.e1s3;;6-cysteine protein (P230p);IDA;PMID:12106866;SURFACE PROTEIN;;12106866;10.1016/s0166-6851(02)00091-9;Male-specific expression of the paralog of malaria transmission-blocking target antigen Pfs230, PfB0400w.;Eksi S, Williamson KC;;;;;
PF3D7_0215000.1o1;;acyl-CoA synthetase, PfACS9 (ACS9);;;intracellular protein;;16860410;10.1016/j.molbiopara.2006.06.004;Duplication, gene conversion, and genetic diversity in the species-specific acyl-CoA synthetase gene family of Plasmodium falciparum.;Bethke LL, Zilversmit M, Nielsen K, Daily J, Volkman...;;;;;
PF3D7_0216800.iso1.exon1.amp2;;TMEM121 domain-containing protein, putative;;;intracellular protein;;?;;;;;;;;
PF3D7_0220400.2o3;;DnaJ protein, putative;binds to erythrocyte cytoskeleton;;intracellular protein;;31125575;10.1016/j.molbiopara.2019.111189;The Plasmodium falciparum MESA erythrocyte cytoskeleton-binding (MEC) motif binds to erythrocyte ankyrin.;Kilili GK, Shakya B, Dolan PT, Wang L, Husby ML, Sta...;;;;;
PF3D7_0301300.2o2;;alpha/beta hydrolase, putative;IDA;PMID:27795395;intracellular protein;;11738814;10.1016/s0378-1119(01)00776-4;Deciphering apicoplast targeting signals--feature extraction from nuclear-encoded precursors of Plasmodium falciparum apicoplast proteins.;Zuegge J, Ralph S, Schmuker M, McFadden GI, Schneider G;;;;;
PF3D7_0302600.iso1.exon1.amp2;;ABC transporter, (TAP family), putative;;;intracellular protein;;11738814;10.1016/s0378-1119(01)00776-4;Deciphering apicoplast targeting signals--feature extraction from nuclear-encoded precursors of Plasmodium falciparum apicoplast proteins.;Zuegge J, Ralph S, Schmuker M, McFadden GI, Schneider G;;;;;
PF3D7_0307300.1o1;;EB1 homolog, putative;;;intracellular protein;;36030238;10.1038/s41467-022-32579-4;Repurposing the mitotic machinery to drive cellular elongation and chromatin reorganisation in Plasmodium falciparum gametocytes.;Li J, Shami GJ, Cho E, Liu B, Hanssen E, Dixon MWA, ...;;;;;
PF3D7_0317100.2o2;;6-cysteine protein;IDA;PMID:24509910;intracellular protein;;27899328;10.1016/j.ijpara.2016.10.002;The s48/45 six-cysteine proteins: mediators of interaction throughout the Plasmodium life cycle.;Arredondo SA, Kappe SHI;;;;;
PF3D7_0320500.1o1;;nicotinamidase;;;intracellular protein;;24747974;10.1371/journal.pone.0094061;Targeting NAD+ metabolism in the human malaria parasite Plasmodium falciparum.;O'Hara JK, Kerwin LJ, Cobbold SA, Tai J, Bedell TA, ...;;;;;
PF3D7_0321900.1o9;;cyclic amine resistance locus protein (CARL);;;intracellular protein;;22096101;10.1126/science.1211936;Imaging of Plasmodium liver stages to drive next-generation antimalarial drug discovery.;Meister S, Plouffe DM, Kuhen KL, Bonamy GM, Wu T, Ba...;27381290;10.1128/mBio.00696-16;Mutations in the Plasmodium falciparum Cyclic Amine Resistance Locus (PfCARL) Confer Multidrug Resistance.;LaMonte G, Lim MY, Wree M, Reimer C, Nachon M, Corey...;
PF3D7_0423100.iso1.exon2.amp1;;clathrin assembly protein, putative;;;intracellular protein;;24204248;10.1371/journal.ppat.1003629;Protein trafficking through the endosomal system prepares intracellular parasites for a home invasion.;Tomavo S, Slomianny C, Meissner M, Carruthers VB;;;;;
PF3D7_0423500.1o2;;glideosome associated protein with multiple membrane spans 2 (GAPM2);;;intracellular protein (inner membrane);;19561073;10.1074/jbc.M109.036772;A novel family of Apicomplexan glideosome-associated proteins with an inner membrane-anchoring role.;Bullen HE, Tonkin CJ, O'Donnell RA, Tham WH, Papenfu...;;;;;
PF3D7_0505000.iso1.exon1.amp2;;MMS19-like protein, putative;ISM;PMID:24243793;intracellular protein;;24243793;10.1128/EC.00158-13;Evolution of the cytosolic iron-sulfur cluster assembly machinery in Blastocystis species and other microbial eukaryotes.;Tsaousis AD, Gentekaki E, Eme L, Gaston D, Roger AJ;;;;;
PF3D7_0507700.e1s1;;nuclear protein localization protein 4, putative (NPL4);ISS;PMID:17244602;intracellular protein;;19502583;10.1128/EC.00083-09;An unusual ERAD-like complex is targeted to the apicoplast of Plasmodium falciparum.;Spork S, Hiss JA, Mandel K, Sommer M, Kooij TW, Chu ...;;;;;
PF3D7_0516100.e1s2;;cation-transporting ATPase 1 (ATPase1);IDA;PMID:8421054;intracellular protein;;;;;;;;;;
PF3D7_0516700.2o3;;ubiquitin carboxyl-terminal hydrolase 2, putative;;;intracellular protein;;16267556;10.1038/nature04104;A protein interaction network of the malaria parasite Plasmodium falciparum.;LaCount DJ, Vignali M, Chettier R, Phansalkar A, Bel...;;;;;
PF3D7_0516700.2o3;;ubiquitin carboxyl-terminal hydrolase 2, putative;;;intracellular protein;;16267556;10.1038/nature04104;A protein interaction network of the malaria parasite Plasmodium falciparum.;LaCount DJ, Vignali M, Chettier R, Phansalkar A, Bel...;;;;;
PF3D7_0519200.e2s1;;vacuolar ATP synthetase;;;intracellular protein;;16293223;10.1016/j.bbamem.2005.08.011;Proteolipid of vacuolar H(+)-ATPase of Plasmodium falciparum: cDNA cloning, gene organization and complementation of a yeast null mutant.;Yatsushiro S, Taniguchi S, Mitamura T, Omote H, Mori...;;;;;
PF3D7_0525800.e1s1;;membrane skeletal protein IMC1-related;;;membrane skeletal protein?!?;;15533999;10.1083/jcb.200406068;A malaria membrane skeletal protein is essential for normal morphogenesis, motility, and infectivity of sporozoites.;Khater EI, Sinden RE, Dessens JT;;;;;
PF3D7_0526300.1o1;WD repeat-containing protein 55, putative;nucleolar Jumonji domain interacting protein, putative;;;intracellular protein;;??;;;;;;;;
PF3D7_0527200.e2s1;;ubiquitin carboxyl-terminal hydrolase, putative;;;intracellular protein;;26639022;10.1038/srep17818;Characterization of the 26S proteasome network in Plasmodium falciparum.;Wang L, Delahunty C, Fritz-Wolf K, Rahlfs S, Helena;;;;;
PF3D7_0530100.2o2;;SNARE protein, putative (SYN6);;;intracellular protein;;17240462;10.1016/j.molbiopara.2006.12.007;Identification of Plasmodium falciparum family of SNAREs.;Ayong L, Pagnotti G, Tobon AB, Chakrabarti D;;;;;
PF3D7_0531400.iso1.exon1.amp2;;G-patch domain-containing protein, putative;;??;intracellular protein;;16267556;10.1038/nature04104;A protein interaction network of the malaria parasite Plasmodium falciparum.;LaCount DJ, Vignali M, Chettier R, Phansalkar A, Bel...;;;;;
PF3D7_0612700.1o1;;6-cysteine protein (P12);;;MEROZOITE SURFACE;;22848665;10.1371/journal.pone.0041937;Biochemical and functional analysis of two Plasmodium falciparum blood-stage 6-cys proteins: P12 and P41.;Taechalertpaisarn T, Crosnier C, Bartholdson SJ, Hod...;;;;;
PF3D7_0619700.iso1.exon2.amp1;;F-box protein FBXO1, putative;;;intracellular protein;;31348812;10.1371/journal.ppat.1007946;Toxoplasma F-box protein 1 is required for daughter cell scaffold function during parasite replication.;Baptista CG, Lis A, Deng B, Gas-Pascual E, Dittmar A...;;;;;
PF3D7_0619900.iso1.exon1.amp1;;splicing factor 3A subunit 2, putative;;;intracellular protein;;21245033;10.1093/nar/gkq1223;RNA-Seq analysis of splicing in Plasmodium falciparum uncovers new splice junctions, alternative splicing and splicing of antisense transcripts.;Sorber K, Dimon MT, DeRisi JL;;;;;
PF3D7_0623400.1o1;;RNA-binding protein mei2 homologue, putative;;target for liver cell arrest genetically modified whole sporozoite vaccine;intracellular protein;;26883588;10.1128/IAI.01417-15;A Plasmodium yoelii Mei2-Like RNA Binding Protein Is Essential for Completion of Liver Stage Schizogony.;Dankwa DA, Davis MJ, Kappe SHI, Vaughan AM;;;;;
PF3D7_0623400.1o1;;RNA-binding protein mei2 homologue, putative;;target for liver cell arrest genetically modified whole sporozoite vaccine;intracellular protein;;26883589;10.1128/IAI.01417-16;A Plasmodium yoelii Mei2-Like RNA Binding Protein Is Essential for Completion of Liver Stage Schizogony.;Dankwa DA, Davis MJ, Kappe SHI, Vaughan AM;;;;;
PF3D7_0718300.e7s2;;cysteine repeat modular protein 2 (CRMP2);;;intracellular protein;;17253978;10.1111/j.1462-5822.2006.00885.x;Plasmodium cysteine repeat modular proteins 1-4: complex proteins with roles throughout the malaria parasite life cycle.;Thompson J, Fernandez-Reyes D, Sharling L, Moore SG,...;;;;;
PF3D7_0727300.1o1;;DNA (cytosine-5)-methyltransferase, putative (DNMT2);;;intracellular protein;;24331467;10.1016/j.chom.2013.11.007;Genome-wide mapping of DNA methylation in the human malaria parasite Plasmodium falciparum.;Ponts N, Fu L, Harris EY, Zhang J, Chung DW, Cervant...;;;;;
PF3D7_0728100.s6;;anaphase-promoting complex subunit 1, putative;;;intracellular protein;;http://mpmp.huji.ac.il/maps/complex_ubiquitin_ligase.html;;;;;;;;
PF3D7_0729200.2o2;;1-cys peroxiredoxin (AOP);;;intracellular protein;;35481660;10.1002/pro.4290;Characterization of the glutathione-dependent reduction of the peroxiredoxin 5 homolog PfAOP from Plasmodium falciparum.;Schumann R, Lang L, Deponte M;;;;;
PF3D7_0810400.1o1;;aquaporin, putative;ISS;PMID:23137753;SURFACE?!?;;23137753;10.1016/j.ijpara.2012.10.006;Flow cytometry-assisted rapid isolation of recombinant Plasmodium berghei parasites exemplified by functional analysis of aquaglyceroporin.;Kenthirapalan S, Waters AP, Matuschewski K, Kooij TW;;;;;
PF3D7_0812100.e1s1;new name: proteasome activator complex subunit 4, putative;conserved Plasmodium protein, unknown function;;;intracellular protein;;16267556;10.1038/nature04104;A protein interaction network of the malaria parasite Plasmodium falciparum.;LaCount DJ, Vignali M, Chettier R, Phansalkar A, Bel...;;;;;
PF3D7_0822700.1o1;;thrombospondin-related protein 1, putative;dom. Exp;dom. Exp;intracellular protein;;28115054;10.7554/eLife.19157;Motility precedes egress of malaria parasites from oocysts.;Klug D, Frischknecht F;;;;;
PF3D7_0823200.e2s1;;RNA binding protein, putative;;;intracellular protein;;16267556;10.1038/nature04104;A protein interaction network of the malaria parasite Plasmodium falciparum.;LaCount DJ, Vignali M, Chettier R, Phansalkar A, Bel...;;;;;
PF3D7_0824700.iso1.exon4.amp1;;lipase maturation factor, putative;;;intracellular protein;;no source found;;;;;;;;
PF3D7_0906500.1o1;;arginase;;;intracellular protein;;20527960;10.1021/bi100390z;Crystal structure of arginase from Plasmodium falciparum and implications for L-arginine depletion in malarial infection .;Dowling DP, Ilies M, Olszewski KL, Portugal S, Mota;;;;;
PF3D7_0912400.2o2;;alkaline phosphatase, putative;;;intracellular protein;;25425018;10.1186/1471-2164-15-1024;Genome wide in silico analysis of Plasmodium falciparum phosphatome.;Pandey R, Mohmmed A, Pierrot C, Khalife J, Malhotra ...;;;;;
PF3D7_0920800.e1s1;;inosine-5'-monophosphate dehydrogenase;;;intracellular protein;;28957725;10.1016/j.compbiolchem.2017.09.002;In silico 3-D structure prediction and molecular docking studies of inosine monophosphate dehydrogenase from Plasmodium falciparum.;Raza M, Khan Z, Ahmad A, Raza S, Khan A, Mohammadzai...;;;;;
PF3D7_0925300.1o1;;prolyl-t-RNA synthase, putative;;;intracellular protein;;25995223;10.1126/scitranslmed.aaa3575;The cytoplasmic prolyl-tRNA synthetase of the malaria parasite is a dual-stage target of febrifugine and its analogs.;Herman JD, Pepper LR, Cortese JF, Estiu G, Galinsky ...;;;;;
PF3D7_0931800.e1s1;;proteasome precursor, putative;;;intracellular protein;;24533266;10.1016/j.ijpddr.2011.12.001;The proteasome of malaria parasites: A multi-stage drug target for chemotherapeutic intervention?;Aminake MN, Arndt HD, Pradel G;;;;;
PF3D7_1005500.e2s1;;regulator of nonsense transcripts, putative;ISS;PMID:16931876;intracellular protein;;16931876;10.1261/rna.177606;Crystal structure of the UPF2-interacting domain of nonsense-mediated mRNA decay factor UPF1.;Kadlec J, Guilligay D, Ravelli RB, Cusack S;;;;;
PF3D7_1005500.e2s1;;regulator of nonsense transcripts, putative;ISS;PMID:16931876;intracellular protein;;16931876;10.1261/rna.177606;Crystal structure of the UPF2-interacting domain of nonsense-mediated mRNA decay factor UPF1.;Kadlec J, Guilligay D, Ravelli RB, Cusack S;;;;;
PF3D7_1009000.1o1;;diphthine synthase;;;intracellular protein;;23201129;10.1016/j.molbiopara.2012.11.001;Unique posttranslational modifications in eukaryotic translation factors and their roles in protozoan parasite viability and pathogenesis.;Mittal N, Subramanian G, Bütikofer P, Madhubala R;;;;;
PF3D7_1016200.1o1;;Rab3 GTPase-activating protein non-catalytic subunit, putative;;;intracellular protein;;no specific literature;;;;;;;;
PF3D7_1034200.1o1;;apicoplast ribosomal protein L27 precursor, putative;;;intracellular protein;;11738814;10.1016/s0378-1119(01)00776-4;Deciphering apicoplast targeting signals--feature extraction from nuclear-encoded precursors of Plasmodium falciparum apicoplast proteins.;Zuegge J, Ralph S, Schmuker M, McFadden GI, Schneider G;;;;;
PF3D7_1035200.1o1;;S-antigen;;;intracellular protein;;2406433;10.1111/j.1550-7408.1990.tb01117.x;S-antigen localization in the erythrocytic stages of Plasmodium falciparum.;Culvenor JG, Crewther PE;;;;;
PF3D7_1035800.1o1;unsure, not well described;probable protein, unknown function;;;intracellular protein;;16267556;10.1038/nature04104;A protein interaction network of the malaria parasite Plasmodium falciparum.;LaCount DJ, Vignali M, Chettier R, Phansalkar A, Bel...;;;;;
PF3D7_1107300.s2;;polyadenylate-binding protein-interacting protein 1, putative (PAIP1);ISM;PMID:21453511;intracellular protein;;21453511;10.1186/1471-2105-12-90;Using context to improve protein domain identification.;Ochoa A, Llinás M, Singh M;;;;;
PF3D7_1111800.iso1.exon1.amp1;;peptidyl-prolyl cis-trans isomerase, putative;;;intracellular protein;;12368864;10.1038/nature01097;Genome sequence of the human malaria parasite Plasmodium falciparum.;Gardner MJ, Hall N, Fung E, White O, Berriman M, Hym...;;;;;
PF3D7_1115900.iso1.exon2.amp1;;palmitoyltransferase DHHC9;;;intracellular protein;;27060339;10.1111/cmi.12599;Study of Plasmodium falciparum DHHC palmitoyl transferases identifies a role for PfDHHC9 in gametocytogenesis.;Tay CL, Jones ML, Hodson N, Theron M, Choudhary JS, ...;;;;;
PF3D7_1115900.iso1.exon2.amp1;;palmitoyltransferase DHHC9;;;intracellular protein;;27060339;10.1111/cmi.12599;Study of Plasmodium falciparum DHHC palmitoyl transferases identifies a role for PfDHHC9 in gametocytogenesis.;Tay CL, Jones ML, Hodson N, Theron M, Choudhary JS, ...;;;;;
PF3D7_1125800.3o4;;kelch protein, putative;;;intracellular protein;;16267556;10.1038/nature04104;A protein interaction network of the malaria parasite Plasmodium falciparum.;LaCount DJ, Vignali M, Chettier R, Phansalkar A, Bel...;;;;;
PF3D7_1128100.2o3;;cochaperone prefoldin complex subunit, putative;;;intracellular protein;PF3D7_1128100;16267556;10.1038/nature04104;A protein interaction network of the malaria parasite Plasmodium falciparum.;LaCount DJ, Vignali M, Chettier R, Phansalkar A, Bel...;;;;;
PF3D7_1146700.iso1.exon1.amp1;;kinesin-like protein, putative;;;intracellular protein;PF3D7_1146700;35900985;10.1371/journal.pbio.3001704;Genome-wide functional analysis reveals key roles for kinesins in the mammalian and mosquito stages of the malaria parasite life cycle.;Zeeshan M, Rashpa R, Ferguson DJP, Abel S, Chahine Z...;;;;;
PF3D7_1202300.e21s1;;dynein heavy chain, putative;;;intracellular protein;PF3D7_1202300;11738814;10.1016/s0378-1119(01)00776-4;Deciphering apicoplast targeting signals--feature extraction from nuclear-encoded precursors of Plasmodium falciparum apicoplast proteins.;Zuegge J, Ralph S, Schmuker M, McFadden GI, Schneider G;;;;;
PF3D7_1209500.iso2.exon2.amp1;;cGMP-specific phosphodiesterase;;;membrane protein;PF3D7_1209500;18590734;10.1016/j.ijpara.2008.05.016;Cyclic nucleotide-specific phosphodiesterases of Plasmodium falciparum: PfPDEalpha, a non-essential cGMP-specific PDE that is an integral membrane protein.;Wentzinger L, Bopp S, Tenor H, Klar J, Brun R, Beck ...;;;;;
PF3D7_1210100.1o1;;syntaxin, Qa-SNARE family (SYN2);;;membrane protein;PF3D7_1210100;19103232;10.1016/j.molbiopara.2008.11.011;Plasmodium falciparum secretory pathway: characterization of PfStx1, a plasma membrane Qa-SNARE.;Parish LA, Rayner JC;;;;;
PF3D7_1210100.1o1;;syntaxin, Qa-SNARE family (SYN2);;;intracellular protein;PF3D7_1210100;19103232;10.1016/j.molbiopara.2008.11.011;Plasmodium falciparum secretory pathway: characterization of PfStx1, a plasma membrane Qa-SNARE.;Parish LA, Rayner JC;;;;;
PF3D7_1211900.e1s1;;non-SERCA-type Ca2 -transporting P-ATPase (ATP4);;;intracellular protein;PF3D7_1211900;25322084;10.1021/cb500616x;Mutations in the P-type cation-transporter ATPase 4, PfATP4, mediate resistance to both aminopyrazole and spiroindolone antimalarials.;Flannery EL, McNamara CW, Kim SW, Kato TS, Li F, Ten...;;;;;
PF3D7_1226500.iso1.exon1.amp1;;RAP protein, putative;;;intracellular protein;PF3D7_1226500;30102371;10.1093/nar/gky710;Identification of clustered organellar short (cos) RNAs and of a conserved family of organellar RNA-binding proteins, the heptatricopeptide repeat proteins, in the malaria parasite.;Hillebrand A, Matz JM, Almendinger M, Müller K, Matu...;;;;;
PF3D7_1226500.iso1.exon1.amp1;;RAP protein, putative;;;intracellular protein;PF3D7_1226500;30102371;10.1093/nar/gky710;Identification of clustered organellar short (cos) RNAs and of a conserved family of organellar RNA-binding proteins, the heptatricopeptide repeat proteins, in the malaria parasite.;Hillebrand A, Matz JM, Almendinger M, Müller K, Matu...;;;;;
PF3D7_1233300.s1;;pentatricopeptide repeat protein, putative;ISM;PMID:31454137;intracellular protein;PF3D7_1233300;31454137;10.1111/cmi.13108;An essential pentatricopeptide repeat protein in the apicomplexan remnant chloroplast.;Hicks JL, Lassadi I, Carpenter EF, Eno M, Vardakis A...;;;;;
PF3D7_1233300.s1;;pentatricopeptide repeat protein, putative;ISM;PMID:31454137;intracellular protein;PF3D7_1233300;31454137;10.1111/cmi.13108;An essential pentatricopeptide repeat protein in the apicomplexan remnant chloroplast.;Hicks JL, Lassadi I, Carpenter EF, Eno M, Vardakis A...;;;;;
PF3D7_1237600.iso1.exon2.amp1;;rRNA processing WD-repeat protein, putative;;;intracellular protein;PF3D7_1237600;26043001;10.1371/journal.pone.0128507;Genome-Wide Collation of the Plasmodium falciparum WDR Protein Superfamily Reveals Malarial Parasite-Specific Features.;Chahar P, Kaushik M, Gill SS, Gakhar SK, Gopalan N, ...;;;;;
PF3D7_1237600.iso1.exon2.amp1;;rRNA processing WD-repeat protein, putative;;;intracellular protein;PF3D7_1237600;26043001;10.1371/journal.pone.0128507;Genome-Wide Collation of the Plasmodium falciparum WDR Protein Superfamily Reveals Malarial Parasite-Specific Features.;Chahar P, Kaushik M, Gill SS, Gakhar SK, Gopalan N, ...;;;;;
PF3D7_1250100.e1s1;;osmiophilic body protein (Pfg377);IDA;PMID:8719156;intracellular protein;PF3D7_1250100;27432909;10.1074/mcp.M116.060681;Comparative Proteomics and Functional Analysis Reveal a Role of Plasmodium falciparum Osmiophilic Bodies in Malaria Parasite Transmission.;Suárez-Cortés P, Sharma V, Bertuccini L, Costa G, Ba...;;;;;
PF3D7_1251700.2o2;;tryptophanyl-tRNA synthetase, putative;;;intracellular protein;PF3D7_1251700;27277538;10.1038/srep27531;Selective inhibition of apicoplast tryptophanyl-tRNA synthetase causes delayed death in Plasmodium falciparum.;Pasaje CF, Cheung V, Kennedy K, Lim EE, Baell JB, Gr...;;;;;
PF3D7_1306600.3o3;?;vacuolar ATP synthase subunit h, putative;;;intracellular protein;PF3D7_1306600;12368867;10.1038/nature01095;Sequence of Plasmodium falciparum chromosomes 1, 3-9 and 13.;Hall N, Pain A, Berriman M, Churcher C, Harris B, Ha...;;;;;
PF3D7_1311100.e1s1;?;meiosis-specific nuclear structural protein 1, putative;;;intracellular protein;PF3D7_1311100;no literature;;;;;;;;
PF3D7_1311800.e1s1;;M1-family alanyl aminopeptidase (M1AAP);;;intracellular protein;PF3D7_1311800;12166515;10.1017/s0031182002001828;Properties, stage-dependent expression and localization of Plasmodium falciparum M1 family zinc-aminopeptidase.;Allary M, Schrevel J, Florent I;;;;;
PF3D7_1321800.1o4;?;SFT2-like protein, putative;;;intracellular protein;PF3D7_1321800;12368867;10.1038/nature01095;Sequence of Plasmodium falciparum chromosomes 1, 3-9 and 13.;Hall N, Pain A, Berriman M, Churcher C, Harris B, Ha...;;;;;
PF3D7_1321800.1o4;;SFT2-like protein, putative;;;intracellular protein;PF3D7_1321800;12368867;10.1038/nature01095;Sequence of Plasmodium falciparum chromosomes 1, 3-9 and 13.;Hall N, Pain A, Berriman M, Churcher C, Harris B, Ha...;;;;;
PF3D7_1322100.iso1.exon1.amp3;;SET domain protein, putative;;;intracellular protein;PF3D7_1322100;24391504;10.1371/journal.ppat.1003854;Recruitment of PfSET2 by RNA polymerase II to variant antigen encoding loci contributes to antigenic variation in P. falciparum.;Ukaegbu UE, Kishore SP, Kwiatkowski DL, Pandarinath ...;;;;;
PF3D7_1330800.e2s1;;RNA-binding protein, putative;;;intracellular protein;PF3D7_1330800;16267556;10.1038/nature04104;A protein interaction network of the malaria parasite Plasmodium falciparum.;LaCount DJ, Vignali M, Chettier R, Phansalkar A, Bel...;;;;;
PF3D7_1332500.1o1;;SAM-dependent RNA methyltransferase, putative;;;intracellular protein;PF3D7_1332500;no literature;;;;;;;;
PF3D7_1333800.e1s1;;Voldacs domain-containing protein, putative;;;intracellular protein;PF3D7_1333800;no literature;;;;;;;;
PF3D7_1337800.1o1;;calcium dependent protein kinase 5 (CDPK5);;;intracellular protein;PF3D7_1337800;31915223;10.1128/mSphere.00921-19;Influence of Plasmodium falciparum Calcium-Dependent Protein Kinase 5 (PfCDPK5) on the Late Schizont Stage Phosphoproteome.;Blomqvist K, Helmel M, Wang C, Absalon S, Labunska T...;;;;;
PF3D7_1344100.1o1;;krox-like protein. putative;;;intracellular protein;PF3D7_1344100;no literature;;;;;;;;
PF3D7_1348200.iso1.exon2.amp1;;step II splicing factor, putative;;;intracellular protein;PF3D7_1348200;no literature;;;;;;;;
PF3D7_1348200.iso1.exon2.amp1;;step II splicing factor, putative;;;intracellular protein;PF3D7_1348200;no literature;;;;;;;;
PF3D7_1365400.1o1;;ubiquitin-activating enzyme (Uba2);;;intracellular protein;PF3D7_1365400;19502583;10.1128/EC.00083-09;An unusual ERAD-like complex is targeted to the apicoplast of Plasmodium falciparum.;Spork S, Hiss JA, Mandel K, Sommer M, Kooij TW, Chu ...;;;;;
PF3D7_1416800.1o1;;lysine-tRNA ligase, putative;;;intracellular protein;PF3D7_1416800;11738814;10.1016/s0378-1119(01)00776-4;Deciphering apicoplast targeting signals--feature extraction from nuclear-encoded precursors of Plasmodium falciparum apicoplast proteins.;Zuegge J, Ralph S, Schmuker M, McFadden GI, Schneider G;;;;;
PF3D7_1432100.e6s1;?;voltage-dependent anion-selective channel protein, putative;;;intracellular protein;PF3D7_1432100;12368864;10.1038/nature01097;Genome sequence of the human malaria parasite Plasmodium falciparum.;Gardner MJ, Hall N, Fung E, White O, Berriman M, Hym...;;;;;
PF3D7_1456500.s3;;STAG domain-containing protein, putative;ISM;PMID:31390575;intracellular protein;PF3D7_1456500;31390575;10.1016/j.celrep.2019.07.019;Landscape of the Plasmodium Interactome Reveals Both Conserved and Species-Specific Functionality.;Hillier C, Pardo M, Yu L, Bushell E, Sanderson T, Me...;;;;;
PF3D7_1472200.e1s3;;histone deacetylase, putative;;;intracellular protein;PF3D7_1472200;26595183;10.1016/j.jmgm.2015.10.006;Homology modeling of parasite histone deacetylases to guide the structure-based design of selective inhibitors.;Melesina J, Robaa D, Pierce RJ, Romier C, Sippl W;;;;;
PF3D7_1474000.iso1.exon1.amp2;?;probable protein, unknown function;;;intracellular protein;PF3D7_1474000;16267556;10.1038/nature04104;A protein interaction network of the malaria parasite Plasmodium falciparum.;LaCount DJ, Vignali M, Chettier R, Phansalkar A, Bel...;;;;;
PF3D7_1474600.1o5;;vacuole membrane protein 1, putative;;;intracellular protein;PF3D7_1474600;18641456;10.4161/auto.6574;Vacuole membrane protein 1, autophagy and much more.;Calvo-Garrido J, Carilla-Latorre S, Escalante R;;;;;
PFE0795c;NLI interacting factor-like phosphatase, putative;protein phosphatase, putative;;;intracellular protein;PF3D7_0515900;18793411;10.1186/1471-2164-9-412;The protein-phosphatome of the human malaria parasite Plasmodium falciparum.;Wilkes JM, Doerig C;;;;;
PFL0110c;;mitochondrial phosphate carrier protein (MPC);;;intracellular protein;PF3D7_1202200;32574727;10.1016/j.parint.2020.102160;Characterization of mitochondrial carrier proteins of malaria parasite Plasmodium falciparum based on in vitro translation and reconstitution.;Nozawa A, Ito D, Ibrahim M, Santos HJ, Tsuboi T, Toz...;;;;;

;;;;
